NOM;CODI;DATA_INI;DATA_FI;RESIDENCIA;IEPG_CONFIRMAT;R0_CONFIRMAT_M;TAXA_CASOS_CONFIRMAT;CASOS_CONFIRMAT;TAXA_PCR;PCR;PERC_PCR_POSITIVES;INGRESSOS_TOTAL;INGRESSOS_CRITIC;EXITUS
CATALUNYA;CATALUNYA;2020-09-29;2020-10-05;--;;;0.0000;159;0.0000;1889;5.1502;41;11;0
CATALUNYA;CATALUNYA;2020-09-29;2020-10-05;Si;;;453.2141;294;6380.4532;4139;8.7884;34;2;36
CATALUNYA;CATALUNYA;2020-09-29;2020-10-05;No;256.373;1.2691;111.7261;8499;1801.8685;137068;6.4357;466;97;51
CATALUNYA;CATALUNYA;2020-09-28;2020-10-04;No;250.22;1.25929;108.4922;8253;1784.6081;135755;6.2016;479;93;53
CATALUNYA;CATALUNYA;2020-09-28;2020-10-04;--;;;0.0000;155;0.0000;1889;4.7236;44;12;0
CATALUNYA;CATALUNYA;2020-09-28;2020-10-04;Si;;;448.5894;291;6967.7817;4520;7.7218;31;1;34
CATALUNYA;CATALUNYA;2020-09-27;2020-10-03;Si;;;445.5063;289;6832.1257;4432;7.7891;33;1;34
CATALUNYA;CATALUNYA;2020-09-27;2020-10-03;No;244.843;1.2355;106.9542;8136;1777.8906;135244;6.1109;480;95;59
CATALUNYA;CATALUNYA;2020-09-27;2020-10-03;--;;;0.0000;160;0.0000;1837;4.9641;43;10;0
CATALUNYA;CATALUNYA;2020-09-26;2020-10-02;--;;;0.0000;150;0.0000;1711;4.9822;40;10;0
CATALUNYA;CATALUNYA;2020-09-26;2020-10-02;Si;;;450.1310;292;6949.2831;4508;7.6725;34;1;33
CATALUNYA;CATALUNYA;2020-09-26;2020-10-02;No;230.635;1.17228;106.0077;8064;1769.2801;134589;6.0419;493;99;58
CATALUNYA;CATALUNYA;2020-09-25;2020-10-01;No;209.819;1.08659;100.9203;7677;1724.6501;131194;5.8680;480;95;61
CATALUNYA;CATALUNYA;2020-09-25;2020-10-01;--;;;0.0000;150;0.0000;1655;5.0920;35;7;0
CATALUNYA;CATALUNYA;2020-09-25;2020-10-01;Si;;;308.3089;200;5842.4541;3790;6.2161;34;1;31
CATALUNYA;CATALUNYA;2020-09-24;2020-09-30;No;193.612;1.01524;93.4403;7108;1633.3920;124252;5.6572;473;88;63
CATALUNYA;CATALUNYA;2020-09-24;2020-09-30;--;;;0.0000;136;0.0000;1505;4.5884;38;4;0
CATALUNYA;CATALUNYA;2020-09-24;2020-09-30;Si;;;320.6412;208;6186.2185;4013;5.8463;31;0;33
CATALUNYA;CATALUNYA;2020-09-23;2020-09-29;--;;;0.0000;121;0.0000;1362;4.5556;36;2;0
CATALUNYA;CATALUNYA;2020-09-23;2020-09-29;Si;;;268.2287;174;6250.9634;4055;4.8396;40;0;31
CATALUNYA;CATALUNYA;2020-09-23;2020-09-29;No;186.401;0.979859;92.0994;7006;1608.9408;122392;5.6386;456;82;57
CATALUNYA;CATALUNYA;2020-09-22;2020-09-28;No;182.158;0.95531;90.2853;6868;1574.9983;119810;5.6797;443;87;49
CATALUNYA;CATALUNYA;2020-09-22;2020-09-28;--;;;0.0000;113;0.0000;1330;4.4275;34;5;0
CATALUNYA;CATALUNYA;2020-09-22;2020-09-28;Si;;;169.5699;110;6146.1384;3987;2.7623;44;1;25
CATALUNYA;CATALUNYA;2020-09-21;2020-09-27;No;180.223;0.954104;90.2064;6862;1552.9397;118132;5.7725;437;82;51
CATALUNYA;CATALUNYA;2020-09-21;2020-09-27;--;;;0.0000;109;0.0000;1279;4.1237;28;3;0
CATALUNYA;CATALUNYA;2020-09-21;2020-09-27;Si;;;163.4037;106;5679.0504;3684;2.9501;44;1;26
CATALUNYA;CATALUNYA;2020-09-20;2020-09-26;--;;;0.0000;100;0.0000;1261;3.7007;30;5;0
CATALUNYA;CATALUNYA;2020-09-20;2020-09-26;Si;;;172.6529;112;5672.8842;3680;3.2737;45;1;21
CATALUNYA;CATALUNYA;2020-09-20;2020-09-26;No;181.825;0.961717;91.2187;6939;1562.3784;118850;5.8016;450;84;45
CATALUNYA;CATALUNYA;2020-09-19;2020-09-25;--;;;0.0000;99;0.0000;1259;3.7037;32;5;0
CATALUNYA;CATALUNYA;2020-09-19;2020-09-25;Si;;;192.6930;125;5734.5460;3720;3.4193;42;1;25
CATALUNYA;CATALUNYA;2020-09-19;2020-09-25;No;189.159;0.997874;90.7323;6902;1573.6312;119706;5.7527;444;80;48
CATALUNYA;CATALUNYA;2020-09-18;2020-09-24;No;208.806;1.15452;92.1783;7012;1552.2298;118078;5.9697;460;78;46
CATALUNYA;CATALUNYA;2020-09-18;2020-09-24;--;;;0.0000;100;0.0000;1193;4.1667;35;5;0
CATALUNYA;CATALUNYA;2020-09-18;2020-09-24;Si;;;221.9824;144;5857.8695;3800;4.1027;37;1;23
CATALUNYA;CATALUNYA;2020-09-17;2020-09-23;--;;;0.0000;109;0.0000;1187;4.9700;34;6;0
CATALUNYA;CATALUNYA;2020-09-17;2020-09-23;Si;;;220.4408;143;5737.6291;3722;4.4269;34;1;17
CATALUNYA;CATALUNYA;2020-09-17;2020-09-23;No;230.104;1.23914;97.2657;7399;1592.1273;121113;6.1329;469;79;49
CATALUNYA;CATALUNYA;2020-09-16;2020-09-22;--;;;0.0000;113;0.0000;1076;5.7602;35;6;0
CATALUNYA;CATALUNYA;2020-09-16;2020-09-22;Si;;;285.1857;185;5725.2967;3714;5.7056;31;2;15
CATALUNYA;CATALUNYA;2020-09-16;2020-09-22;No;238.205;1.29273;98.1334;7465;1511.1097;114950;6.5537;476;78;56
CATALUNYA;CATALUNYA;2020-09-15;2020-09-21;No;239.498;1.30599;100.3944;7637;1453.8729;110596;7.0066;496;64;61
CATALUNYA;CATALUNYA;2020-09-15;2020-09-21;--;;;0.0000;116;0.0000;1019;6.0120;32;4;0
CATALUNYA;CATALUNYA;2020-09-15;2020-09-21;Si;;;271.3118;176;5429.3201;3522;6.4020;29;1;16
CATALUNYA;CATALUNYA;2020-09-14;2020-09-20;Si;;;300.6012;195;5964.2361;3869;6.0401;30;1;19
CATALUNYA;CATALUNYA;2020-09-14;2020-09-20;No;237.457;1.31322;98.6855;7507;1393.5337;106006;7.1305;508;65;60
CATALUNYA;CATALUNYA;2020-09-14;2020-09-20;--;;;0.0000;119;0.0000;952;7.4034;40;4;0
CATALUNYA;CATALUNYA;2020-09-13;2020-09-19;--;;;0.0000;124;0.0000;946;8.0087;40;4;0
CATALUNYA;CATALUNYA;2020-09-13;2020-09-19;Si;;;362.2629;235;6015.1071;3902;7.0365;25;1;19
CATALUNYA;CATALUNYA;2020-09-13;2020-09-19;No;230.82;1.28709;97.8441;7443;1364.4289;103792;7.1959;505;64;61
CATALUNYA;CATALUNYA;2020-09-12;2020-09-18;No;225.279;1.25444;98.8301;7518;1329.5662;101140;7.4703;505;65;58
CATALUNYA;CATALUNYA;2020-09-12;2020-09-18;--;;;0.0000;132;0.0000;937;8.8621;36;5;0
CATALUNYA;CATALUNYA;2020-09-12;2020-09-18;Si;;;420.8416;273;5979.6516;3879;7.9836;28;1;15
CATALUNYA;CATALUNYA;2020-09-11;2020-09-17;Si;;;374.5953;243;5111.7619;3316;8.1675;29;1;16
CATALUNYA;CATALUNYA;2020-09-11;2020-09-17;No;193.994;1.07992;88.6815;6746;1142.4095;86903;7.6774;471;65;57
CATALUNYA;CATALUNYA;2020-09-11;2020-09-17;--;;;0.0000;115;0.0000;831;8.7331;32;5;0
CATALUNYA;CATALUNYA;2020-09-10;2020-09-16;--;;;0.0000;110;0.0000;773;9.2593;33;6;0
CATALUNYA;CATALUNYA;2020-09-10;2020-09-16;Si;;;369.9707;240;5444.7356;3532;7.3920;32;1;18
CATALUNYA;CATALUNYA;2020-09-10;2020-09-16;No;179.871;1.00764;88.4318;6727;1138.4657;86603;7.9544;476;67;56
CATALUNYA;CATALUNYA;2020-09-09;2020-09-15;No;167.235;0.950081;86.1312;6552;1108.1778;84299;7.9452;472;71;55
CATALUNYA;CATALUNYA;2020-09-09;2020-09-15;--;;;0.0000;115;0.0000;849;8.4643;33;6;0
CATALUNYA;CATALUNYA;2020-09-09;2020-09-15;Si;;;311.3920;202;5749.9614;3730;5.8041;27;0;18
CATALUNYA;CATALUNYA;2020-09-08;2020-09-14;No;162.216;0.93824;82.9894;6313;1088.7352;82820;7.7641;467;70;53
CATALUNYA;CATALUNYA;2020-09-08;2020-09-14;--;;;0.0000;120;0.0000;862;8.7782;39;7;0
CATALUNYA;CATALUNYA;2020-09-08;2020-09-14;Si;;;320.6412;208;6200.0924;4022;5.2139;24;0;19
CATALUNYA;CATALUNYA;2020-09-07;2020-09-13;--;;;0.0000;126;0.0000;903;8.0408;33;7;0
CATALUNYA;CATALUNYA;2020-09-07;2020-09-13;Si;;;275.9364;179;5706.7982;3702;5.2796;28;0;12
CATALUNYA;CATALUNYA;2020-09-07;2020-09-13;No;160.365;0.931288;82.1349;6248;1083.1876;82398;7.7721;471;74;53
CATALUNYA;CATALUNYA;2020-09-06;2020-09-12;No;166.423;0.960674;81.4908;6199;1079.5199;82119;7.8252;470;71;49
CATALUNYA;CATALUNYA;2020-09-06;2020-09-12;--;;;0.0000;132;0.0000;901;8.1633;34;5;0
CATALUNYA;CATALUNYA;2020-09-06;2020-09-12;Si;;;212.7331;138;5654.3856;3668;4.0630;34;0;18
CATALUNYA;CATALUNYA;2020-09-05;2020-09-11;No;171.071;0.989836;80.7546;6143;1088.0516;82768;7.7153;476;79;54
CATALUNYA;CATALUNYA;2020-09-05;2020-09-11;--;;;0.0000;130;0.0000;878;7.7998;37;4;0
CATALUNYA;CATALUNYA;2020-09-05;2020-09-11;Si;;;135.6559;88;5518.7297;3580;3.2425;35;1;18
CATALUNYA;CATALUNYA;2020-09-04;2020-09-10;--;;;0.0000;141;0.0000;1037;7.0936;39;5;0
CATALUNYA;CATALUNYA;2020-09-04;2020-09-10;Si;;;147.9882;96;7003.2372;4543;2.7728;36;1;18
CATALUNYA;CATALUNYA;2020-09-04;2020-09-10;No;186.923;1.02547;90.9557;6919;1250.7309;95143;7.6492;491;77;58
CATALUNYA;CATALUNYA;2020-09-03;2020-09-09;--;;;0.0000;144;0.0000;1118;6.3869;37;3;0
CATALUNYA;CATALUNYA;2020-09-03;2020-09-09;Si;;;166.4868;108;7447.2020;4831;3.1697;36;1;24
CATALUNYA;CATALUNYA;2020-09-03;2020-09-09;No;185.822;1.02076;90.0750;6852;1242.7119;94533;7.4482;466;74;52
CATALUNYA;CATALUNYA;2020-09-02;2020-09-08;No;187.148;1.01283;89.8909;6838;1271.1463;96696;7.2138;467;77;47
CATALUNYA;CATALUNYA;2020-09-02;2020-09-08;--;;;0.0000;136;0.0000;1137;5.7245;33;3;0
CATALUNYA;CATALUNYA;2020-09-02;2020-09-08;Si;;;228.1486;148;7165.0994;4648;3.7138;38;1;25
CATALUNYA;CATALUNYA;2020-09-01;2020-09-07;--;;;0.0000;138;0.0000;1212;5.7886;32;1;0
CATALUNYA;CATALUNYA;2020-09-01;2020-09-07;Si;;;238.9394;155;7178.9733;4657;3.8462;40;1;28
CATALUNYA;CATALUNYA;2020-09-01;2020-09-07;No;187.645;1.00586;89.9041;6839;1289.0640;98059;7.1665;457;82;50
CATALUNYA;CATALUNYA;2020-08-31;2020-09-06;--;;;0.0000;125;0.0000;1078;5.6818;31;1;0
CATALUNYA;CATALUNYA;2020-08-31;2020-09-06;Si;;;235.8563;153;7308.4630;4741;3.6004;39;1;27
CATALUNYA;CATALUNYA;2020-08-31;2020-09-06;No;189.038;1.00001;90.0618;6851;1294.4669;98470;7.2734;453;81;50
CATALUNYA;CATALUNYA;2020-08-30;2020-09-05;No;189.213;0.995258;91.7445;6979;1303.4455;99153;7.2883;444;81;52
CATALUNYA;CATALUNYA;2020-08-30;2020-09-05;--;;;0.0000;120;0.0000;1077;5.2083;26;2;0
CATALUNYA;CATALUNYA;2020-08-30;2020-09-05;Si;;;226.6070;147;7311.5461;4743;3.4409;36;1;26
CATALUNYA;CATALUNYA;2020-08-29;2020-09-04;Si;;;220.4408;143;7345.4601;4765;3.1874;32;0;28
CATALUNYA;CATALUNYA;2020-08-29;2020-09-04;No;187.847;0.987047;92.0731;7004;1295.5317;98551;7.3012;438;77;46
CATALUNYA;CATALUNYA;2020-08-29;2020-09-04;--;;;0.0000;113;0.0000;1073;5.2232;25;2;0
CATALUNYA;CATALUNYA;2020-08-28;2020-09-03;--;;;0.0000;123;0.0000;1095;5.1354;22;1;0
CATALUNYA;CATALUNYA;2020-08-28;2020-09-03;Si;;;235.8563;153;7018.6526;4553;3.5847;33;0;29
CATALUNYA;CATALUNYA;2020-08-28;2020-09-03;No;190.224;0.997887;91.3238;6947;1297.3853;98692;7.1883;423;78;44
CATALUNYA;CATALUNYA;2020-08-27;2020-09-02;No;193.772;1.01217;91.9680;6996;1297.8586;98728;7.2793;454;82;47
CATALUNYA;CATALUNYA;2020-08-27;2020-09-02;--;;;0.0000;125;0.0000;1095;5.0373;25;1;0
CATALUNYA;CATALUNYA;2020-08-27;2020-09-02;Si;;;235.8563;153;6630.1834;4301;3.5935;30;0;24
CATALUNYA;CATALUNYA;2020-08-26;2020-09-01;Si;;;235.8563;153;6983.1971;4530;3.9624;34;0;26
CATALUNYA;CATALUNYA;2020-08-26;2020-09-01;No;199.547;1.03108;94.8863;7218;1332.8658;101391;7.3988;445;71;46
CATALUNYA;CATALUNYA;2020-08-26;2020-09-01;--;;;0.0000;132;0.0000;1093;5.6956;29;1;0
CATALUNYA;CATALUNYA;2020-08-25;2020-08-31;--;;;0.0000;132;0.0000;1051;5.6311;27;1;0
CATALUNYA;CATALUNYA;2020-08-25;2020-08-31;Si;;;262.0625;170;7100.3545;4606;4.3261;34;0;24
CATALUNYA;CATALUNYA;2020-08-25;2020-08-31;No;203.074;1.04497;96.6479;7352;1330.4733;101209;7.4238;450;63;40
CATALUNYA;CATALUNYA;2020-08-24;2020-08-30;No;204.777;1.05825;98.9747;7529;1350.8756;102761;7.3290;451;66;40
CATALUNYA;CATALUNYA;2020-08-24;2020-08-30;--;;;0.0000;143;0.0000;1192;5.8974;28;2;0
CATALUNYA;CATALUNYA;2020-08-24;2020-08-30;Si;;;257.4379;167;7206.7211;4675;4.1300;32;0;31
CATALUNYA;CATALUNYA;2020-08-23;2020-08-29;No;206.472;1.07166;98.3700;7483;1354.2672;103019;7.2834;445;67;42
CATALUNYA;CATALUNYA;2020-08-23;2020-08-29;--;;;0.0000;145;0.0000;1189;6.0840;32;2;0
CATALUNYA;CATALUNYA;2020-08-23;2020-08-29;Si;;;268.2287;174;7240.6351;4697;4.6822;32;1;30
CATALUNYA;CATALUNYA;2020-08-22;2020-08-28;--;;;0.0000;146;0.0000;1176;6.0764;33;3;0
CATALUNYA;CATALUNYA;2020-08-22;2020-08-28;Si;;;289.8103;188;7445.6605;4830;4.5702;32;1;32
CATALUNYA;CATALUNYA;2020-08-22;2020-08-28;No;211.612;1.10255;98.2385;7473;1370.8177;104278;7.1751;444;63;43
CATALUNYA;CATALUNYA;2020-08-21;2020-08-27;No;215.865;1.13232;99.3033;7554;1350.6521;102744;7.4019;463;69;36
CATALUNYA;CATALUNYA;2020-08-21;2020-08-27;--;;;0.0000;147;0.0000;1107;6.5559;35;4;0
CATALUNYA;CATALUNYA;2020-08-21;2020-08-27;Si;;;300.6012;195;7456.4513;4837;4.4260;31;1;32
CATALUNYA;CATALUNYA;2020-08-20;2020-08-26;No;217.133;1.15071;99.4742;7567;1297.4247;98695;7.7289;441;65;36
CATALUNYA;CATALUNYA;2020-08-20;2020-08-26;--;;;0.0000;143;0.0000;1088;6.9614;31;5;0
CATALUNYA;CATALUNYA;2020-08-20;2020-08-26;Si;;;300.6012;195;6983.1971;4530;4.6641;30;1;33
CATALUNYA;CATALUNYA;2020-08-19;2020-08-25;--;;;0.0000;134;0.0000;1057;6.2924;28;6;0
CATALUNYA;CATALUNYA;2020-08-19;2020-08-25;Si;;;218.8993;142;6525.3584;4233;3.6976;27;2;31
CATALUNYA;CATALUNYA;2020-08-19;2020-08-25;No;214.531;1.16053;98.6460;7504;1230.4337;93599;7.9610;464;70;40
CATALUNYA;CATALUNYA;2020-08-18;2020-08-24;--;;;0.0000;125;0.0000;1041;5.6047;27;7;0
CATALUNYA;CATALUNYA;2020-08-18;2020-08-24;Si;;;192.6930;125;6426.6995;4169;3.2581;29;3;31
CATALUNYA;CATALUNYA;2020-08-18;2020-08-24;No;212.196;1.16656;97.6864;7431;1190.0498;90527;8.1856;483;77;43
CATALUNYA;CATALUNYA;2020-08-17;2020-08-23;No;207.536;1.16615;94.5314;7191;1131.2224;86052;8.4502;481;81;41
CATALUNYA;CATALUNYA;2020-08-17;2020-08-23;--;;;0.0000;119;0.0000;1019;6.1061;25;6;0
CATALUNYA;CATALUNYA;2020-08-17;2020-08-23;Si;;;180.3607;117;6059.8119;3931;3.2857;33;3;27
CATALUNYA;CATALUNYA;2020-08-16;2020-08-22;--;;;0.0000;114;0.0000;1016;6.1307;25;5;0
CATALUNYA;CATALUNYA;2020-08-16;2020-08-22;Si;;;177.2776;115;6087.5597;3949;2.7011;33;2;24
CATALUNYA;CATALUNYA;2020-08-16;2020-08-22;No;206.158;1.16477;94.2948;7173;1127.3181;85755;8.4436;495;78;38
CATALUNYA;CATALUNYA;2020-08-15;2020-08-21;--;;;0.0000;112;0.0000;1007;5.8764;25;4;0
CATALUNYA;CATALUNYA;2020-08-15;2020-08-21;Si;;;160.3206;104;5843.9956;3791;2.8734;34;2;22
CATALUNYA;CATALUNYA;2020-08-15;2020-08-21;No;202.707;1.14834;93.6901;7127;1105.4961;84095;8.6592;509;78;39
CATALUNYA;CATALUNYA;2020-08-14;2020-08-20;No;194.471;1.12293;91.3370;6948;1067.7676;81225;8.7371;501;69;45
CATALUNYA;CATALUNYA;2020-08-14;2020-08-20;--;;;0.0000;111;0.0000;1088;6.1263;26;3;0
CATALUNYA;CATALUNYA;2020-08-14;2020-08-20;Si;;;126.4066;82;5339.9105;3464;3.0791;34;2;26
CATALUNYA;CATALUNYA;2020-08-13;2020-08-19;Si;;;117.1573;76;5719.1305;3710;2.6016;40;3;24
CATALUNYA;CATALUNYA;2020-08-13;2020-08-19;No;187.499;1.10755;89.2205;6787;1066.2033;81106;8.4468;497;69;43
CATALUNYA;CATALUNYA;2020-08-13;2020-08-19;--;;;0.0000;127;0.0000;1098;6.9897;27;3;0
CATALUNYA;CATALUNYA;2020-08-12;2020-08-18;--;;;0.0000;130;0.0000;1054;7.7299;26;3;0
CATALUNYA;CATALUNYA;2020-08-12;2020-08-18;Si;;;155.6960;101;6024.3564;3908;3.3487;44;2;25
CATALUNYA;CATALUNYA;2020-08-12;2020-08-18;No;182.452;1.09882;86.2101;6558;1056.5148;80369;8.3184;476;65;38
CATALUNYA;CATALUNYA;2020-08-11;2020-08-17;No;179.018;1.09381;84.2119;6406;1039.5173;79076;8.2021;462;61;37
CATALUNYA;CATALUNYA;2020-08-11;2020-08-17;--;;;0.0000;132;0.0000;1035;8.6481;25;2;0
CATALUNYA;CATALUNYA;2020-08-11;2020-08-17;Si;;;206.5669;134;5851.7034;3796;4.3667;47;1;27
CATALUNYA;CATALUNYA;2020-08-10;2020-08-16;Si;;;232.7732;151;5813.1647;3771;4.7530;45;1;25
CATALUNYA;CATALUNYA;2020-08-10;2020-08-16;No;177.008;1.09241;83.4363;6347;1048.3250;79746;8.0784;452;57;43
CATALUNYA;CATALUNYA;2020-08-10;2020-08-16;--;;;0.0000;131;0.0000;1060;8.4466;23;2;0
CATALUNYA;CATALUNYA;2020-08-09;2020-08-15;--;;;0.0000;130;0.0000;1056;8.4713;20;3;0
CATALUNYA;CATALUNYA;2020-08-09;2020-08-15;Si;;;228.1486;148;5703.7151;3700;4.7832;46;2;29
CATALUNYA;CATALUNYA;2020-08-09;2020-08-15;No;175.429;1.09223;82.7002;6291;1044.7362;79473;8.0752;457;61;41
CATALUNYA;CATALUNYA;2020-08-08;2020-08-14;No;175.163;1.0947;82.8316;6301;1076.5753;81895;7.7933;458;61;37
CATALUNYA;CATALUNYA;2020-08-08;2020-08-14;--;;;0.0000;129;0.0000;1066;8.5990;19;3;0
CATALUNYA;CATALUNYA;2020-08-08;2020-08-14;Si;;;228.1486;148;5951.9038;3861;4.7141;45;3;29
CATALUNYA;CATALUNYA;2020-08-07;2020-08-13;No;173.17;1.08366;81.8457;6226;1075.8523;81840;7.6722;455;67;35
CATALUNYA;CATALUNYA;2020-08-07;2020-08-13;--;;;0.0000;122;0.0000;965;8.8204;16;3;0
CATALUNYA;CATALUNYA;2020-08-07;2020-08-13;Si;;;316.0166;205;6022.8148;3907;5.9481;48;3;23
CATALUNYA;CATALUNYA;2020-08-06;2020-08-12;--;;;0.0000;121;0.0000;1014;7.8014;17;3;0
CATALUNYA;CATALUNYA;2020-08-06;2020-08-12;Si;;;351.4721;228;5950.3622;3860;6.6768;44;2;23
CATALUNYA;CATALUNYA;2020-08-06;2020-08-12;No;169.981;1.06669;80.0710;6091;1070.7123;81449;7.6485;468;76;37
CATALUNYA;CATALUNYA;2020-08-05;2020-08-11;No;168.153;1.05132;79.8344;6073;1057.1458;80417;7.7420;472;78;35
CATALUNYA;CATALUNYA;2020-08-05;2020-08-11;--;;;0.0000;114;0.0000;1110;6.8203;18;3;0
CATALUNYA;CATALUNYA;2020-08-05;2020-08-11;Si;;;325.2659;211;5954.9868;3863;6.0337;43;3;23
CATALUNYA;CATALUNYA;2020-08-04;2020-08-10;No;166.543;1.03445;79.4532;6044;1056.9618;80403;7.8072;459;80;36
CATALUNYA;CATALUNYA;2020-08-04;2020-08-10;--;;;0.0000;121;0.0000;1172;6.4742;23;6;0
CATALUNYA;CATALUNYA;2020-08-04;2020-08-10;Si;;;295.9765;192;5985.8177;3883;5.6615;37;3;23
CATALUNYA;CATALUNYA;2020-08-03;2020-08-09;--;;;0.0000;128;0.0000;1162;6.2665;26;26;0
CATALUNYA;CATALUNYA;2020-08-03;2020-08-09;Si;;;282.1026;183;6078.3104;3943;5.4985;40;3;26
CATALUNYA;CATALUNYA;2020-08-03;2020-08-09;No;164.863;1.01886;78.5987;5979;1029.2373;78294;7.8566;464;75;27
CATALUNYA;CATALUNYA;2020-08-02;2020-08-08;--;;;0.0000;131;0.0000;1166;6.1620;39;26;0
CATALUNYA;CATALUNYA;2020-08-02;2020-08-08;Si;;;285.1857;185;6286.4189;4078;5.4046;41;2;25
CATALUNYA;CATALUNYA;2020-08-02;2020-08-08;No;162.234;1.00506;77.9151;5927;1023.6372;77868;7.8631;455;73;27
CATALUNYA;CATALUNYA;2020-08-01;2020-08-07;No;160.351;0.997292;77.1789;5871;995.0845;75696;8.1092;450;75;32
CATALUNYA;CATALUNYA;2020-08-01;2020-08-07;--;;;0.0000;132;0.0000;1166;6.2390;49;28;0
CATALUNYA;CATALUNYA;2020-08-01;2020-08-07;Si;;;286.7273;186;6454.4473;4187;5.2422;46;1;26
CATALUNYA;CATALUNYA;2020-07-31;2020-08-06;--;;;0.0000;130;0.0000;1173;6.2882;65;30;0
CATALUNYA;CATALUNYA;2020-07-31;2020-08-06;Si;;;212.7331;138;6577.7709;4267;3.8504;47;1;28
CATALUNYA;CATALUNYA;2020-07-31;2020-08-06;No;163.776;1.01968;77.9545;5930;989.3266;75258;8.2950;459;81;34
CATALUNYA;CATALUNYA;2020-07-30;2020-08-05;--;;;0.0000;115;0.0000;1168;5.9597;72;29;0
CATALUNYA;CATALUNYA;2020-07-30;2020-08-05;Si;;;201.9423;131;6445.1980;4181;4.1360;51;1;29
CATALUNYA;CATALUNYA;2020-07-30;2020-08-05;No;168.39;1.03502;79.2823;6031;982.4382;74734;8.4503;449;75;38
CATALUNYA;CATALUNYA;2020-07-29;2020-08-04;No;171.592;1.04835;80.1105;6094;1011.9900;76982;8.3376;453;75;41
CATALUNYA;CATALUNYA;2020-07-29;2020-08-04;--;;;0.0000;134;0.0000;1175;7.0313;75;29;0
CATALUNYA;CATALUNYA;2020-07-29;2020-08-04;Si;;;268.2287;174;6411.2841;4159;5.3167;57;0;28
CATALUNYA;CATALUNYA;2020-07-28;2020-08-03;Si;;;300.6012;195;6343.4561;4115;5.6513;60;0;27
CATALUNYA;CATALUNYA;2020-07-28;2020-08-03;No;174.849;1.05612;81.5434;6203;1000.7897;76130;8.5048;465;78;40
CATALUNYA;CATALUNYA;2020-07-28;2020-08-03;--;;;0.0000;133;0.0000;1111;7.2477;74;26;0
CATALUNYA;CATALUNYA;2020-07-27;2020-08-02;--;;;0.0000;119;0.0000;1089;7.2233;85;6;0
CATALUNYA;CATALUNYA;2020-07-27;2020-08-02;Si;;;297.5181;193;6084.4766;3947;5.6526;60;0;27
CATALUNYA;CATALUNYA;2020-07-27;2020-08-02;No;177.176;1.0625;83.2129;6330;998.9756;75992;8.5027;469;86;45
CATALUNYA;CATALUNYA;2020-07-26;2020-08-01;No;177.197;1.05995;83.5021;6352;1010.1890;76845;8.5412;515;95;47
CATALUNYA;CATALUNYA;2020-07-26;2020-08-01;--;;;0.0000;118;0.0000;1093;7.3832;84;5;0
CATALUNYA;CATALUNYA;2020-07-26;2020-08-01;Si;;;297.5181;193;6092.1843;3952;5.6990;56;0;28
CATALUNYA;CATALUNYA;2020-07-25;2020-07-31;Si;;;306.7673;199;5991.9839;3887;5.7888;60;0;28
CATALUNYA;CATALUNYA;2020-07-25;2020-07-31;No;177.544;1.05654;83.6072;6360;1008.6904;76731;8.4769;510;97;49
CATALUNYA;CATALUNYA;2020-07-25;2020-07-31;--;;;0.0000;121;0.0000;1112;7.3394;76;4;0
CATALUNYA;CATALUNYA;2020-07-24;2020-07-30;--;;;0.0000;130;0.0000;1087;8.1461;74;2;0
CATALUNYA;CATALUNYA;2020-07-24;2020-07-30;Si;;;314.4751;204;5876.3681;3812;6.0661;70;0;27
CATALUNYA;CATALUNYA;2020-07-24;2020-07-30;No;175.929;1.06197;82.6607;6288;1009.0585;76759;8.2824;549;100;46
CATALUNYA;CATALUNYA;2020-07-23;2020-07-29;No;178.029;1.08506;83.4101;6345;1017.8399;77427;8.1717;581;106;38
CATALUNYA;CATALUNYA;2020-07-23;2020-07-29;--;;;0.0000;154;0.0000;1070;8.9354;76;2;0
CATALUNYA;CATALUNYA;2020-07-23;2020-07-29;Si;;;279.0195;181;5938.0299;3852;5.0908;78;0;25
CATALUNYA;CATALUNYA;2020-07-22;2020-07-28;No;179.562;1.11441;83.5678;6357;985.5143;74968;8.3835;598;138;37
CATALUNYA;CATALUNYA;2020-07-22;2020-07-28;--;;;0.0000;146;0.0000;1046;8.7719;76;1;0
CATALUNYA;CATALUNYA;2020-07-22;2020-07-28;Si;;;220.4408;143;6044.3964;3921;3.8070;67;0;24
CATALUNYA;CATALUNYA;2020-07-21;2020-07-27;--;;;0.0000;148;0.0000;1017;9.2184;82;1;0
CATALUNYA;CATALUNYA;2020-07-21;2020-07-27;Si;;;157.2375;102;5927.2390;3845;2.8325;66;0;21
CATALUNYA;CATALUNYA;2020-07-21;2020-07-27;No;179.857;1.1536;84.0148;6391;972.6972;73993;8.5306;617;153;39
CATALUNYA;CATALUNYA;2020-07-20;2020-07-26;No;179.173;1.1958;83.5415;6355;959.0650;72956;8.6327;640;155;39
CATALUNYA;CATALUNYA;2020-07-20;2020-07-26;--;;;0.0000;167;0.0000;997;9.4705;71;2;0
CATALUNYA;CATALUNYA;2020-07-20;2020-07-26;Si;;;177.2776;115;6084.4766;3947;3.2664;61;2;19
CATALUNYA;CATALUNYA;2020-07-19;2020-07-25;No;185.358;1.25068;83.6730;6365;942.4355;71691;8.6958;603;151;39
CATALUNYA;CATALUNYA;2020-07-19;2020-07-25;--;;;0.0000;169;0.0000;987;9.2497;62;2;0
CATALUNYA;CATALUNYA;2020-07-19;2020-07-25;Si;;;191.1515;124;6193.9263;4018;3.4121;72;2;13
CATALUNYA;CATALUNYA;2020-07-18;2020-07-24;--;;;0.0000;203;0.0000;1010;11.6466;65;3;0
CATALUNYA;CATALUNYA;2020-07-18;2020-07-24;Si;;;229.6901;149;6201.6340;4023;4.6302;65;2;11
CATALUNYA;CATALUNYA;2020-07-18;2020-07-24;No;195.827;1.34409;84.4354;6423;931.4062;70852;8.9130;594;142;32
CATALUNYA;CATALUNYA;2020-07-17;2020-07-23;--;;;0.0000;217;0.0000;1074;12.1698;55;4;0
CATALUNYA;CATALUNYA;2020-07-17;2020-07-23;Si;;;221.9824;144;6133.8060;3979;4.7395;52;2;9
CATALUNYA;CATALUNYA;2020-07-17;2020-07-23;No;203.192;1.45901;83.0025;6314;887.4072;67505;9.2210;540;137;31
CATALUNYA;CATALUNYA;2020-07-16;2020-07-22;No;200.505;1.52783;80.6626;6136;841.5415;64016;9.4025;509;132;29
CATALUNYA;CATALUNYA;2020-07-16;2020-07-22;--;;;0.0000;223;0.0000;1056;12.8846;51;6;0
CATALUNYA;CATALUNYA;2020-07-16;2020-07-22;Si;;;237.3978;154;5860.9526;3802;4.8062;43;2;8
CATALUNYA;CATALUNYA;2020-07-15;2020-07-21;--;;;0.0000;225;0.0000;1003;13.9676;49;9;0
CATALUNYA;CATALUNYA;2020-07-15;2020-07-21;Si;;;292.8934;190;5574.2253;3616;6.3944;45;2;9
CATALUNYA;CATALUNYA;2020-07-15;2020-07-21;No;192.759;1.56574;77.5602;5900;797.0298;60630;9.3365;463;103;25
CATALUNYA;CATALUNYA;2020-07-14;2020-07-20;--;;;0.0000;229;0.0000;967;13.9413;41;9;0
CATALUNYA;CATALUNYA;2020-07-14;2020-07-20;Si;;;291.3519;189;5526.4374;3585;6.4127;45;2;9
CATALUNYA;CATALUNYA;2020-07-14;2020-07-20;No;179.995;1.59008;71.8943;5469;741.0287;56370;9.1228;446;79;19
CATALUNYA;CATALUNYA;2020-07-13;2020-07-19;No;164.757;1.61176;66.2942;5043;704.9041;53622;9.0464;405;76;13
CATALUNYA;CATALUNYA;2020-07-13;2020-07-19;--;;;0.0000;204;0.0000;908;13.5498;39;8;0
CATALUNYA;CATALUNYA;2020-07-13;2020-07-19;Si;;;268.2287;174;5531.0621;3588;5.9008;45;0;7
CATALUNYA;CATALUNYA;2020-07-12;2020-07-18;Si;;;255.8964;166;5443.1940;3531;5.9255;35;0;9
CATALUNYA;CATALUNYA;2020-07-12;2020-07-18;No;162.016;1.63456;64.5327;4909;693.2963;52739;8.8718;371;67;11
CATALUNYA;CATALUNYA;2020-07-12;2020-07-18;--;;;0.0000;203;0.0000;914;13.7931;36;8;0
CATALUNYA;CATALUNYA;2020-07-11;2020-07-17;--;;;0.0000;174;0.0000;870;11.3450;31;6;0
CATALUNYA;CATALUNYA;2020-07-11;2020-07-17;Si;;;206.5669;134;5094.8049;3305;4.6591;33;0;9
CATALUNYA;CATALUNYA;2020-07-11;2020-07-17;No;158.355;1.68571;61.2594;4660;661.4572;50317;8.6965;360;66;12
CATALUNYA;CATALUNYA;2020-07-10;2020-07-16;No;148.718;1.74961;56.2640;4280;621.7963;47300;8.5563;341;55;11
CATALUNYA;CATALUNYA;2020-07-10;2020-07-16;--;;;0.0000;148;0.0000;758;9.9196;34;7;0
CATALUNYA;CATALUNYA;2020-07-10;2020-07-16;Si;;;195.7761;127;4988.4384;3236;4.4076;32;0;9
CATALUNYA;CATALUNYA;2020-07-09;2020-07-15;Si;;;186.5268;121;5239.7101;3399;4.4098;24;0;10
CATALUNYA;CATALUNYA;2020-07-09;2020-07-15;No;136.402;1.80454;50.5718;3847;578.9279;44039;8.2969;315;53;10
CATALUNYA;CATALUNYA;2020-07-09;2020-07-15;--;;;0.0000;112;0.0000;634;8.6400;26;5;0
CATALUNYA;CATALUNYA;2020-07-08;2020-07-14;--;;;0.0000;99;0.0000;550;7.7491;23;3;0
CATALUNYA;CATALUNYA;2020-07-08;2020-07-14;Si;;;135.6559;88;5057.8079;3281;3.1088;23;0;9
CATALUNYA;CATALUNYA;2020-07-08;2020-07-14;No;123.525;1.82635;45.5501;3465;545.6953;41511;7.8926;322;51;12
CATALUNYA;CATALUNYA;2020-07-07;2020-07-13;No;111.435;1.84239;41.3041;3142;528.5663;40208;7.3342;284;49;14
CATALUNYA;CATALUNYA;2020-07-07;2020-07-13;--;;;0.0000;74;0.0000;511;7.3559;20;4;0
CATALUNYA;CATALUNYA;2020-07-07;2020-07-13;Si;;;164.9452;107;4960.6906;3218;2.9872;24;1;10
CATALUNYA;CATALUNYA;2020-07-06;2020-07-12;No;97.3227;1.83478;35.9274;2733;506.8100;38553;6.6519;263;37;12
CATALUNYA;CATALUNYA;2020-07-06;2020-07-12;--;;;0.0000;75;0.0000;466;8.2609;20;5;0
CATALUNYA;CATALUNYA;2020-07-06;2020-07-12;Si;;;149.5298;97;4638.5077;3009;2.8527;28;1;12
CATALUNYA;CATALUNYA;2020-07-05;2020-07-11;--;;;0.0000;71;0.0000;454;7.8125;23;5;0
CATALUNYA;CATALUNYA;2020-07-05;2020-07-11;Si;;;140.2805;91;4387.2360;2846;2.4990;28;1;10
CATALUNYA;CATALUNYA;2020-07-05;2020-07-11;No;93.3229;1.83202;34.5866;2631;495.8201;37717;6.5424;262;37;10
CATALUNYA;CATALUNYA;2020-07-04;2020-07-10;No;86.2535;1.78977;32.6804;2486;482.1090;36674;6.3535;244;40;11
CATALUNYA;CATALUNYA;2020-07-04;2020-07-10;--;;;0.0000;62;0.0000;433;7.7283;24;5;0
CATALUNYA;CATALUNYA;2020-07-04;2020-07-10;Si;;;147.9882;96;4291.6602;2784;2.9004;29;1;9
CATALUNYA;CATALUNYA;2020-07-03;2020-07-09;No;73.709;1.71312;28.7367;2186;464.9538;35369;5.4399;251;35;13
CATALUNYA;CATALUNYA;2020-07-03;2020-07-09;--;;;0.0000;53;0.0000;381;6.6667;18;3;0
CATALUNYA;CATALUNYA;2020-07-03;2020-07-09;Si;;;132.5728;86;4011.0991;2602;2.7015;26;1;11
CATALUNYA;CATALUNYA;2020-07-02;2020-07-08;--;;;0.0000;45;0.0000;349;6.6860;17;3;0
CATALUNYA;CATALUNYA;2020-07-02;2020-07-08;Si;;;115.6158;75;3607.2144;2340;2.3962;29;1;11
CATALUNYA;CATALUNYA;2020-07-02;2020-07-08;No;62.6258;1.63541;25.0164;1903;449.0999;34163;4.9184;232;29;14
CATALUNYA;CATALUNYA;2020-07-01;2020-07-07;--;;;0.0000;38;0.0000;318;4.7619;17;2;0
CATALUNYA;CATALUNYA;2020-07-01;2020-07-07;Si;;;83.2434;54;3420.6875;2219;1.5918;30;1;10
CATALUNYA;CATALUNYA;2020-07-01;2020-07-07;No;53.7479;1.63609;22.0849;1680;436.8218;33229;4.4505;209;23;16
CATALUNYA;CATALUNYA;2020-06-30;2020-07-06;No;47.8162;1.64438;19.1797;1459;428.2244;32575;3.9349;186;22;17
CATALUNYA;CATALUNYA;2020-06-30;2020-07-06;--;;;0.0000;33;0.0000;305;3.6424;17;1;0
CATALUNYA;CATALUNYA;2020-06-30;2020-07-06;Si;;;40.0801;26;3285.0316;2131;1.4484;28;0;10
CATALUNYA;CATALUNYA;2020-06-29;2020-07-05;--;;;0.0000;24;0.0000;278;3.6364;16;0;0
CATALUNYA;CATALUNYA;2020-06-29;2020-07-05;Si;;;36.9970;24;3135.5017;2034;1.4820;26;0;10
CATALUNYA;CATALUNYA;2020-06-29;2020-07-05;No;43.4694;1.67854;17.1158;1302;429.7625;32692;3.7177;187;19;17
CATALUNYA;CATALUNYA;2020-06-28;2020-07-04;--;;;0.0000;24;0.0000;274;3.3210;11;0;0
CATALUNYA;CATALUNYA;2020-06-28;2020-07-04;Si;;;36.9970;24;3186.3727;2067;1.4612;25;0;11
CATALUNYA;CATALUNYA;2020-06-28;2020-07-04;No;41.6376;1.67586;16.3533;1244;429.2498;32653;3.6192;180;15;17
CATALUNYA;CATALUNYA;2020-06-27;2020-07-03;No;40.173;1.69211;15.5120;1180;433.3644;32966;3.4317;187;13;15
CATALUNYA;CATALUNYA;2020-06-27;2020-07-03;--;;;0.0000;21;0.0000;285;2.8369;7;0;0
CATALUNYA;CATALUNYA;2020-06-27;2020-07-03;Si;;;24.6647;16;3214.1205;2085;0.9554;25;0;11
CATALUNYA;CATALUNYA;2020-06-26;2020-07-02;Si;;;38.5386;25;3396.0228;2203;1.4406;28;0;11
CATALUNYA;CATALUNYA;2020-06-26;2020-07-02;No;35.3751;1.65294;14.2894;1087;438.7410;33375;3.0929;160;17;13
CATALUNYA;CATALUNYA;2020-06-26;2020-07-02;--;;;0.0000;18;0.0000;291;3.1250;5;0;0
CATALUNYA;CATALUNYA;2020-06-25;2020-07-01;--;;;0.0000;18;0.0000;315;2.5641;4;1;0
CATALUNYA;CATALUNYA;2020-06-25;2020-07-01;Si;;;35.4555;23;3203.3297;2078;1.4121;28;0;11
CATALUNYA;CATALUNYA;2020-06-25;2020-07-01;No;31.7161;1.60096;13.2772;1010;423.7548;32235;2.7061;166;15;14
CATALUNYA;CATALUNYA;2020-06-24;2020-06-30;No;26.3937;1.51074;10.7664;819;375.6806;28578;2.4752;155;14;9
CATALUNYA;CATALUNYA;2020-06-24;2020-06-30;--;;;0.0000;11;0.0000;271;2.2472;3;1;0
CATALUNYA;CATALUNYA;2020-06-24;2020-06-30;Si;;;35.4555;23;2834.9005;1839;1.6887;28;0;12
CATALUNYA;CATALUNYA;2020-06-23;2020-06-29;Si;;;43.1632;28;2827.1928;1834;2.1505;29;0;11
CATALUNYA;CATALUNYA;2020-06-23;2020-06-29;No;23.6274;1.45533;9.8987;753;375.8910;28594;2.2871;164;15;6
CATALUNYA;CATALUNYA;2020-06-23;2020-06-29;--;;;0.0000;19;0.0000;271;3.3962;3;1;0
CATALUNYA;CATALUNYA;2020-06-22;2020-06-28;--;;;0.0000;16;0.0000;260;2.7559;11;1;0
CATALUNYA;CATALUNYA;2020-06-22;2020-06-28;Si;;;43.1632;28;2882.6884;1870;2.1555;29;0;11
CATALUNYA;CATALUNYA;2020-06-22;2020-06-28;No;20.8893;1.39146;8.7813;668;366.9387;27913;2.2645;164;19;10
CATALUNYA;CATALUNYA;2020-06-21;2020-06-27;No;19.4221;1.34557;8.4921;646;365.0325;27768;2.1597;160;19;12
CATALUNYA;CATALUNYA;2020-06-21;2020-06-27;--;;;0.0000;16;0.0000;261;2.7451;11;1;0
CATALUNYA;CATALUNYA;2020-06-21;2020-06-27;Si;;;43.1632;28;2825.6513;1833;2.2013;29;0;11
CATALUNYA;CATALUNYA;2020-06-20;2020-06-26;No;17.9024;1.27394;8.2292;626;363.6259;27661;2.1574;145;16;14
CATALUNYA;CATALUNYA;2020-06-20;2020-06-26;--;;;0.0000;17;0.0000;248;2.8926;12;1;0
CATALUNYA;CATALUNYA;2020-06-20;2020-06-26;Si;;;43.1632;28;2824.1097;1832;2.1824;32;0;14
CATALUNYA;CATALUNYA;2020-06-19;2020-06-25;--;;;0.0000;16;0.0000;234;1.7621;14;1;0
CATALUNYA;CATALUNYA;2020-06-19;2020-06-25;Si;;;32.3724;21;2763.9895;1793;1.6447;34;0;13
CATALUNYA;CATALUNYA;2020-06-19;2020-06-25;No;15.6891;1.19947;7.1118;541;350.5853;26669;1.8890;134;12;15
CATALUNYA;CATALUNYA;2020-06-18;2020-06-24;No;14.3347;1.18141;6.5334;497;368.5425;28035;1.8534;134;17;16
CATALUNYA;CATALUNYA;2020-06-18;2020-06-24;--;;;0.0000;15;0.0000;225;2.3041;14;0;0
CATALUNYA;CATALUNYA;2020-06-18;2020-06-24;Si;;;41.6217;27;3029.1351;1965;2.2003;33;0;12
CATALUNYA;CATALUNYA;2020-06-17;2020-06-23;No;14.8777;1.15249;6.7043;510;416.3932;31675;1.6741;154;20;19
CATALUNYA;CATALUNYA;2020-06-17;2020-06-23;--;;;0.0000;15;0.0000;250;2.0661;14;0;0
CATALUNYA;CATALUNYA;2020-06-17;2020-06-23;Si;;;55.4956;36;3659.6269;2374;2.3468;33;0;12
CATALUNYA;CATALUNYA;2020-06-16;2020-06-22;--;;;0.0000;10;0.0000;257;1.2000;14;0;0
CATALUNYA;CATALUNYA;2020-06-16;2020-06-22;Si;;;55.4956;36;3869.2770;2510;2.3359;35;0;13
CATALUNYA;CATALUNYA;2020-06-16;2020-06-22;No;13.9795;1.10542;6.3362;482;417.9838;31796;1.5131;151;19;19
CATALUNYA;CATALUNYA;2020-06-15;2020-06-21;--;;;0.0000;10;0.0000;289;0.7067;5;0;0
CATALUNYA;CATALUNYA;2020-06-15;2020-06-21;Si;;;58.5786;38;3947.8957;2561;2.3780;31;1;17
CATALUNYA;CATALUNYA;2020-06-15;2020-06-21;No;13.4006;1.06185;6.2311;474;432.1419;32873;1.4355;136;16;21
CATALUNYA;CATALUNYA;2020-06-14;2020-06-20;No;12.9198;1.0302;5.9419;452;431.6818;32838;1.3708;140;18;24
CATALUNYA;CATALUNYA;2020-06-14;2020-06-20;--;;;0.0000;9;0.0000;293;0.6969;5;0;0
CATALUNYA;CATALUNYA;2020-06-14;2020-06-20;Si;;;66.2864;43;4004.9329;2598;2.6914;33;1;20
CATALUNYA;CATALUNYA;2020-06-13;2020-06-19;--;;;0.0000;8;0.0000;290;0.7042;4;0;0
CATALUNYA;CATALUNYA;2020-06-13;2020-06-19;Si;;;66.2864;43;4049.6377;2627;2.6770;29;1;20
CATALUNYA;CATALUNYA;2020-06-13;2020-06-19;No;12.1012;0.952936;5.8235;443;432.9043;32931;1.2894;141;18;23
CATALUNYA;CATALUNYA;2020-06-12;2020-06-18;--;;;0.0000;7;0.0000;324;0.9434;3;0;0
CATALUNYA;CATALUNYA;2020-06-12;2020-06-18;Si;;;87.8680;57;4562.9720;2960;3.3520;27;1;20
CATALUNYA;CATALUNYA;2020-06-12;2020-06-18;No;11.885;0.861042;5.9681;454;450.4277;34264;1.2858;150;21;23
CATALUNYA;CATALUNYA;2020-06-11;2020-06-17;No;11.1959;0.797444;5.6001;426;458.0917;34847;1.1936;144;20;22
CATALUNYA;CATALUNYA;2020-06-11;2020-06-17;--;;;0.0000;7;0.0000;345;0.8824;3;0;0
CATALUNYA;CATALUNYA;2020-06-11;2020-06-17;Si;;;77.0772;50;4664.7140;3026;2.8201;28;1;24
CATALUNYA;CATALUNYA;2020-06-10;2020-06-16;Si;;;80.1603;52;4851.2409;3147;2.9025;31;2;25
CATALUNYA;CATALUNYA;2020-06-10;2020-06-16;No;11.5287;0.779545;6.2048;472;470.8037;35814;1.3569;127;18;23
CATALUNYA;CATALUNYA;2020-06-10;2020-06-16;--;;;0.0000;9;0.0000;362;1.1236;5;0;0
CATALUNYA;CATALUNYA;2020-06-09;2020-06-15;--;;;0.0000;7;0.0000;344;0.8902;4;0;0
CATALUNYA;CATALUNYA;2020-06-09;2020-06-15;Si;;;81.7018;53;5239.7101;3399;3.1476;31;2;22
CATALUNYA;CATALUNYA;2020-06-09;2020-06-15;No;11.6264;0.771074;6.3099;480;473.1173;35990;1.3618;125;18;25
CATALUNYA;CATALUNYA;2020-06-08;2020-06-14;No;11.781;0.791679;6.3888;486;477.4423;36319;1.3261;131;22;30
CATALUNYA;CATALUNYA;2020-06-08;2020-06-14;--;;;0.0000;6;0.0000;350;0.8772;5;0;0
CATALUNYA;CATALUNYA;2020-06-08;2020-06-14;Si;;;110.9912;72;5532.6036;3589;3.4247;37;1;20
CATALUNYA;CATALUNYA;2020-06-07;2020-06-13;Si;;;117.1573;76;5646.6779;3663;3.5437;35;1;19
CATALUNYA;CATALUNYA;2020-06-07;2020-06-13;No;13.1588;0.862922;6.5991;502;484.0020;36818;1.3613;134;24;31
CATALUNYA;CATALUNYA;2020-06-07;2020-06-13;--;;;0.0000;7;0.0000;354;1.1561;6;0;0
CATALUNYA;CATALUNYA;2020-06-06;2020-06-12;--;;;0.0000;8;0.0000;366;1.1173;6;0;0
CATALUNYA;CATALUNYA;2020-06-06;2020-06-12;Si;;;120.2404;78;5843.9956;3791;3.6208;35;1;21
CATALUNYA;CATALUNYA;2020-06-06;2020-06-12;No;15.075;0.94461;6.8752;523;496.0699;37736;1.4183;148;30;33
CATALUNYA;CATALUNYA;2020-06-05;2020-06-11;No;16.6437;0.993009;7.8348;596;509.9387;38791;1.5968;164;28;33
CATALUNYA;CATALUNYA;2020-06-05;2020-06-11;--;;;0.0000;7;0.0000;398;1.0256;7;0;0
CATALUNYA;CATALUNYA;2020-06-05;2020-06-11;Si;;;117.1573;76;6130.7229;3977;3.3718;41;1;25
CATALUNYA;CATALUNYA;2020-06-04;2020-06-10;No;17.8068;1.00636;8.4396;642;522.8084;39770;1.6805;167;29;34
CATALUNYA;CATALUNYA;2020-06-04;2020-06-10;--;;;0.0000;7;0.0000;442;0.6912;10;1;0
CATALUNYA;CATALUNYA;2020-06-04;2020-06-10;Si;;;147.9882;96;6614.7679;4291;3.4152;42;1;26
CATALUNYA;CATALUNYA;2020-06-03;2020-06-09;--;;;0.0000;6;0.0000;453;0.6726;10;1;0
CATALUNYA;CATALUNYA;2020-06-03;2020-06-09;Si;;;138.7390;90;6631.7249;4302;3.3124;41;0;37
CATALUNYA;CATALUNYA;2020-06-03;2020-06-09;No;18.1436;0.998682;8.5842;653;532.9439;40541;1.6617;178;27;34
CATALUNYA;CATALUNYA;2020-06-02;2020-06-08;No;18.7087;0.977452;8.7682;667;525.7925;39997;1.6993;189;27;34
CATALUNYA;CATALUNYA;2020-06-02;2020-06-08;--;;;0.0000;7;0.0000;467;0.6508;9;2;0
CATALUNYA;CATALUNYA;2020-06-02;2020-06-08;Si;;;151.0713;98;6335.7484;4110;3.1938;42;0;44
CATALUNYA;CATALUNYA;2020-06-01;2020-06-07;No;19.2297;0.949255;8.4921;646;500.6709;38086;1.7653;190;24;26
CATALUNYA;CATALUNYA;2020-06-01;2020-06-07;--;;;0.0000;8;0.0000;426;0.9501;10;3;0
CATALUNYA;CATALUNYA;2020-06-01;2020-06-07;Si;;;127.9482;83;6076.7689;3942;2.9778;37;0;46
CATALUNYA;CATALUNYA;2020-05-31;2020-06-06;--;;;0.0000;7;0.0000;437;0.6944;10;4;0
CATALUNYA;CATALUNYA;2020-05-31;2020-06-06;Si;;;118.6989;77;6414.3671;4161;2.5134;39;1;55
CATALUNYA;CATALUNYA;2020-05-31;2020-06-06;No;18.5667;0.875072;8.6499;658;512.5021;38986;1.7542;194;23;26
CATALUNYA;CATALUNYA;2020-05-30;2020-06-05;--;;;0.0000;7;0.0000;501;0.8065;12;4;0
CATALUNYA;CATALUNYA;2020-05-30;2020-06-05;Si;;;141.8221;92;7094.1883;4602;2.6662;40;1;57
CATALUNYA;CATALUNYA;2020-05-30;2020-06-05;No;17.0062;0.791714;9.0837;691;529.9335;40312;1.7841;186;21;25
CATALUNYA;CATALUNYA;2020-05-29;2020-06-04;No;16.5743;0.754524;8.9259;679;532.1945;40484;1.7084;179;24;31
CATALUNYA;CATALUNYA;2020-05-29;2020-06-04;--;;;0.0000;10;0.0000;495;1.4257;10;4;0
CATALUNYA;CATALUNYA;2020-05-29;2020-06-04;Si;;;172.6529;112;7370.1248;4781;3.1714;37;1;62
CATALUNYA;CATALUNYA;2020-05-28;2020-06-03;--;;;0.0000;15;0.0000;569;2.3214;8;3;0
CATALUNYA;CATALUNYA;2020-05-28;2020-06-03;Si;;;177.2776;115;7945.1210;5154;3.4439;45;2;64
CATALUNYA;CATALUNYA;2020-05-28;2020-06-03;No;17.732;0.753141;9.2546;704;546.9967;41610;1.7070;183;21;36
CATALUNYA;CATALUNYA;2020-05-27;2020-06-02;--;;;0.0000;17;0.0000;662;2.1440;8;4;0
CATALUNYA;CATALUNYA;2020-05-27;2020-06-02;Si;;;188.0684;122;8164.0203;5296;3.4919;41;2;59
CATALUNYA;CATALUNYA;2020-05-27;2020-06-02;No;18.5318;0.777557;9.5832;729;545.8136;41520;1.7402;180;23;41
CATALUNYA;CATALUNYA;2020-05-26;2020-06-01;No;20.6738;0.815268;10.3720;789;569.2657;43304;1.8307;178;28;48
CATALUNYA;CATALUNYA;2020-05-26;2020-06-01;--;;;0.0000;16;0.0000;731;1.9471;10;3;0
CATALUNYA;CATALUNYA;2020-05-26;2020-06-01;Si;;;201.9423;131;9215.3537;5978;3.4978;40;3;60
CATALUNYA;CATALUNYA;2020-05-25;2020-05-31;Si;;;257.4379;167;10346.8475;6712;3.6922;43;4;65
CATALUNYA;CATALUNYA;2020-05-25;2020-05-31;No;22.8977;0.847192;11.7654;895;610.8722;46469;1.9333;183;34;53
CATALUNYA;CATALUNYA;2020-05-25;2020-05-31;--;;;0.0000;15;0.0000;806;1.6414;11;2;0
CATALUNYA;CATALUNYA;2020-05-24;2020-05-30;--;;;0.0000;18;0.0000;866;1.8868;10;1;0
CATALUNYA;CATALUNYA;2020-05-24;2020-05-30;Si;;;279.0195;181;10827.8094;7024;3.8540;52;3;63
CATALUNYA;CATALUNYA;2020-05-24;2020-05-30;No;23.6451;0.87357;12.5673;956;618.3653;47039;2.0548;186;32;56
CATALUNYA;CATALUNYA;2020-05-23;2020-05-29;No;25.4214;0.934204;12.3964;943;616.7878;46919;1.9991;185;28;66
CATALUNYA;CATALUNYA;2020-05-23;2020-05-29;--;;;0.0000;17;0.0000;884;1.7341;8;1;0
CATALUNYA;CATALUNYA;2020-05-23;2020-05-29;Si;;;291.3519;189;11577.0001;7510;3.7029;57;3;72
CATALUNYA;CATALUNYA;2020-05-22;2020-05-28;Si;;;309.8504;201;12606.7519;8178;3.5920;63;3;72
CATALUNYA;CATALUNYA;2020-05-22;2020-05-28;No;28.3774;1.03533;13.0406;992;617.4188;46967;2.1076;178;29;69
CATALUNYA;CATALUNYA;2020-05-22;2020-05-28;--;;;0.0000;16;0.0000;908;1.4640;12;1;0
CATALUNYA;CATALUNYA;2020-05-21;2020-05-27;--;;;0.0000;11;0.0000;851;0.8383;15;1;0
CATALUNYA;CATALUNYA;2020-05-21;2020-05-27;Si;;;329.8905;214;13756.7442;8924;3.5766;63;2;76
CATALUNYA;CATALUNYA;2020-05-21;2020-05-27;No;30.7164;1.12499;14.2894;1087;622.1381;47326;2.3448;203;32;77
CATALUNYA;CATALUNYA;2020-05-20;2020-05-26;No;32.391;1.18347;14.2500;1084;626.7391;47676;2.2894;217;35;85
CATALUNYA;CATALUNYA;2020-05-20;2020-05-26;--;;;0.0000;8;0.0000;789;0.7772;13;0;0
CATALUNYA;CATALUNYA;2020-05-20;2020-05-26;Si;;;411.5924;267;15088.6388;9788;4.0682;66;2;82
CATALUNYA;CATALUNYA;2020-05-19;2020-05-25;No;33.6167;1.22531;14.9862;1140;635.9938;48380;2.4134;230;29;96
CATALUNYA;CATALUNYA;2020-05-19;2020-05-25;--;;;0.0000;12;0.0000;718;1.2766;13;0;0
CATALUNYA;CATALUNYA;2020-05-19;2020-05-25;Si;;;410.0508;266;15629.7209;10139;3.7426;72;2;84
CATALUNYA;CATALUNYA;2020-05-18;2020-05-24;--;;;0.0000;15;0.0000;671;1.6692;10;0;1
CATALUNYA;CATALUNYA;2020-05-18;2020-05-24;Si;;;365.3460;237;15967.3192;10358;3.3931;73;2;75
CATALUNYA;CATALUNYA;2020-05-18;2020-05-24;No;33.9184;1.23217;15.2622;1161;641.8174;48823;2.4171;238;29;101
CATALUNYA;CATALUNYA;2020-05-17;2020-05-23;No;32.959;1.22302;14.4998;1103;628.8556;47837;2.3399;232;31;108
CATALUNYA;CATALUNYA;2020-05-17;2020-05-23;--;;;0.0000;12;0.0000;593;1.3675;11;0;1
CATALUNYA;CATALUNYA;2020-05-17;2020-05-23;Si;;;349.9306;227;16073.6858;10427;3.1699;69;2;75
CATALUNYA;CATALUNYA;2020-05-16;2020-05-22;No;32.0434;1.17812;14.8153;1127;632.5364;48117;2.4258;236;33;109
CATALUNYA;CATALUNYA;2020-05-16;2020-05-22;--;;;0.0000;12;0.0000;504;1.6097;15;0;1
CATALUNYA;CATALUNYA;2020-05-16;2020-05-22;Si;;;342.2229;222;15558.8099;10093;3.2297;66;2;72
CATALUNYA;CATALUNYA;2020-05-15;2020-05-21;--;;;0.0000;10;0.0000;417;1.4563;14;0;1
CATALUNYA;CATALUNYA;2020-05-15;2020-05-21;Si;;;336.0567;218;14502.8518;9408;3.3923;68;2;84
CATALUNYA;CATALUNYA;2020-05-15;2020-05-21;No;29.854;1.13041;14.3683;1093;613.3567;46658;2.4045;258;33;116
CATALUNYA;CATALUNYA;2020-05-14;2020-05-20;--;;;0.0000;12;0.0000;333;2.1277;13;0;1
CATALUNYA;CATALUNYA;2020-05-14;2020-05-20;Si;;;357.6383;232;13624.1714;8838;3.5531;76;2;87
CATALUNYA;CATALUNYA;2020-05-14;2020-05-20;No;27.2964;1.10449;13.0143;990;600.3950;45672;2.1522;250;32;113
CATALUNYA;CATALUNYA;2020-05-13;2020-05-19;No;27.5006;1.10453;13.1195;998;586.3684;44605;2.2191;266;34;113
CATALUNYA;CATALUNYA;2020-05-13;2020-05-19;--;;;0.0000;13;0.0000;312;1.9544;14;0;1
CATALUNYA;CATALUNYA;2020-05-13;2020-05-19;Si;;;317.5581;206;13627.2545;8840;3.1901;78;2;91
CATALUNYA;CATALUNYA;2020-05-12;2020-05-18;--;;;0.0000;8;0.0000;307;0.9967;15;0;2
CATALUNYA;CATALUNYA;2020-05-12;2020-05-18;Si;;;349.9306;227;13329.7363;8647;3.5733;77;1;100
CATALUNYA;CATALUNYA;2020-05-12;2020-05-18;No;26.438;1.09838;12.4490;947;557.1716;42384;2.1022;280;42;114
CATALUNYA;CATALUNYA;2020-05-11;2020-05-17;--;;;0.0000;9;0.0000;302;0.6734;17;0;1
CATALUNYA;CATALUNYA;2020-05-11;2020-05-17;Si;;;369.9707;240;13274.2407;8611;3.9093;85;0;133
CATALUNYA;CATALUNYA;2020-05-11;2020-05-17;No;25.9946;1.10347;12.2650;933;535.3232;40722;2.1266;299;39;122
CATALUNYA;CATALUNYA;2020-05-10;2020-05-16;No;26.2537;1.10951;12.4490;947;529.3025;40264;2.1398;315;41;129
CATALUNYA;CATALUNYA;2020-05-10;2020-05-16;--;;;0.0000;9;0.0000;309;0.6601;16;0;1
CATALUNYA;CATALUNYA;2020-05-10;2020-05-16;Si;;;396.1769;257;12693.0784;8234;4.4244;88;0;150
CATALUNYA;CATALUNYA;2020-05-09;2020-05-15;Si;;;454.7556;295;12703.8692;8241;4.9703;93;0;166
CATALUNYA;CATALUNYA;2020-05-09;2020-05-15;No;25.9578;1.09822;12.3833;942;512.0552;38952;2.1187;340;45;126
CATALUNYA;CATALUNYA;2020-05-09;2020-05-15;--;;;0.0000;10;0.0000;338;0.9063;12;0;1
CATALUNYA;CATALUNYA;2020-05-08;2020-05-14;--;;;0.0000;12;0.0000;354;0.8646;12;0;2
CATALUNYA;CATALUNYA;2020-05-08;2020-05-14;Si;;;468.6295;304;13032.2182;8454;4.8281;96;1;169
CATALUNYA;CATALUNYA;2020-05-08;2020-05-14;No;25.1105;1.07979;12.0415;916;497.0295;37809;2.0362;351;50;133
CATALUNYA;CATALUNYA;2020-05-07;2020-05-13;No;24.8856;1.02493;11.6997;890;477.7841;36345;2.0897;360;52;155
CATALUNYA;CATALUNYA;2020-05-07;2020-05-13;--;;;0.0000;12;0.0000;417;0.9732;11;1;2
CATALUNYA;CATALUNYA;2020-05-07;2020-05-13;Si;;;460.9218;299;13038.3844;8458;4.6366;92;1;201
CATALUNYA;CATALUNYA;2020-05-06;2020-05-12;Si;;;527.2082;342;13525.5125;8774;4.6957;97;1;232
CATALUNYA;CATALUNYA;2020-05-06;2020-05-12;No;24.7681;0.95398;11.7786;896;481.8593;36655;2.0422;375;48;170
CATALUNYA;CATALUNYA;2020-05-06;2020-05-12;--;;;0.0000;16;0.0000;428;1.6471;13;2;2
CATALUNYA;CATALUNYA;2020-05-05;2020-05-11;--;;;0.0000;18;0.0000;441;1.8349;14;3;2
CATALUNYA;CATALUNYA;2020-05-05;2020-05-11;Si;;;565.7468;367;13875.4431;9001;4.6221;104;1;261
CATALUNYA;CATALUNYA;2020-05-05;2020-05-11;No;23.9288;0.881909;11.6208;884;476.5878;36254;2.0149;398;45;189
CATALUNYA;CATALUNYA;2020-05-04;2020-05-10;No;23.4261;0.834279;11.2922;859;475.9305;36204;2.0044;401;43;201
CATALUNYA;CATALUNYA;2020-05-04;2020-05-10;--;;;0.0000;22;0.0000;481;2.3256;14;4;2
CATALUNYA;CATALUNYA;2020-05-04;2020-05-10;Si;;;628.9502;408;14505.9349;9410;4.6226;110;2;278
CATALUNYA;CATALUNYA;2020-05-03;2020-05-09;No;22.6955;0.784749;11.2133;853;482.7137;36720;1.9987;401;42;215
CATALUNYA;CATALUNYA;2020-05-03;2020-05-09;--;;;0.0000;24;0.0000;489;2.6971;17;4;2
CATALUNYA;CATALUNYA;2020-05-03;2020-05-09;Si;;;619.7009;402;15359.9506;9964;4.1881;110;3;302
CATALUNYA;CATALUNYA;2020-05-02;2020-05-08;--;;;0.0000;23;0.0000;497;2.4490;20;4;3
CATALUNYA;CATALUNYA;2020-05-02;2020-05-08;Si;;;625.8671;406;15335.2859;9948;3.8906;118;3;330
CATALUNYA;CATALUNYA;2020-05-02;2020-05-08;No;22.2798;0.742368;11.2528;856;481.6095;36636;2.0321;390;40;239
CATALUNYA;CATALUNYA;2020-05-01;2020-05-07;No;22.4351;0.670057;11.2133;853;465.1247;35382;2.1610;378;31;238
CATALUNYA;CATALUNYA;2020-05-01;2020-05-07;--;;;0.0000;23;0.0000;597;2.3850;28;6;4
CATALUNYA;CATALUNYA;2020-05-01;2020-05-07;Si;;;656.6980;426;15913.3651;10323;3.6207;115;2;368
CATALUNYA;CATALUNYA;2020-04-30;2020-05-06;No;23.8451;0.651542;12.5805;957;486.1054;36978;2.3398;330;23;242
CATALUNYA;CATALUNYA;2020-04-30;2020-05-06;--;;;0.0000;27;0.0000;660;2.1605;26;5;4
CATALUNYA;CATALUNYA;2020-04-30;2020-05-06;Si;;;753.8153;489;17553.5686;11387;3.7927;99;2;377
CATALUNYA;CATALUNYA;2020-04-29;2020-05-05;--;;;0.0000;29;0.0000;687;2.0990;23;4;4
CATALUNYA;CATALUNYA;2020-04-29;2020-05-05;Si;;;903.3451;586;18097.7339;11740;3.7023;87;2;394
CATALUNYA;CATALUNYA;2020-04-29;2020-05-05;No;26.0113;0.636435;14.1843;1079;488.6031;37168;2.6170;259;19;250
CATALUNYA;CATALUNYA;2020-04-28;2020-05-04;--;;;0.0000;39;0.0000;784;2.8758;19;3;3
CATALUNYA;CATALUNYA;2020-04-28;2020-05-04;Si;;;1075.9981;698;19352.5512;12554;4.5184;68;2;424
CATALUNYA;CATALUNYA;2020-04-28;2020-05-04;No;28.3202;0.638695;15.5120;1180;506.9678;38565;2.9052;178;12;259
CATALUNYA;CATALUNYA;2020-04-27;2020-05-03;No;31.2492;0.639183;16.7871;1277;504.5489;38381;3.1207;118;9;265
CATALUNYA;CATALUNYA;2020-04-27;2020-05-03;--;;;0.0000;43;0.0000;757;3.7838;17;2;3
CATALUNYA;CATALUNYA;2020-04-27;2020-05-03;Si;;;1088.3305;706;20158.7790;13077;4.2602;47;1;448
CATALUNYA;CATALUNYA;2020-04-26;2020-05-02;--;;;0.0000;44;0.0000;760;3.9242;14;2;3
CATALUNYA;CATALUNYA;2020-04-26;2020-05-02;Si;;;1237.8603;803;20803.1447;13495;4.9117;35;0;468
CATALUNYA;CATALUNYA;2020-04-26;2020-05-02;No;33.6983;0.665134;17.7073;1347;519.2459;39499;3.2335;83;5;285
CATALUNYA;CATALUNYA;2020-04-25;2020-05-01;--;;;0.0000;49;0.0000;738;4.4630;11;2;2
CATALUNYA;CATALUNYA;2020-04-25;2020-05-01;Si;;;1351.9346;877;21815.9395;14152;5.4594;16;0;490
CATALUNYA;CATALUNYA;2020-04-25;2020-05-01;No;36.463;0.687761;18.7590;1427;530.4067;40348;3.4367;46;1;304
CATALUNYA;CATALUNYA;2020-04-24;2020-04-30;No;42.9118;0.732891;22.2689;1694;554.8053;42204;3.9711;0;0;341
CATALUNYA;CATALUNYA;2020-04-24;2020-04-30;--;;;0.0000;58;0.0000;629;6.4356;0;0;0
CATALUNYA;CATALUNYA;2020-04-24;2020-04-30;Si;;;1593.9571;1034;23659.6269;15348;6.5744;0;0;514
CATALUNYA;CATALUNYA;2020-04-23;2020-04-29;Si;;;1899.1829;1232;23033.7598;14942;8.1124;0;0;537
CATALUNYA;CATALUNYA;2020-04-23;2020-04-29;No;46.8747;0.750686;24.0173;1827;540.1609;41090;4.5614;0;0;357
CATALUNYA;CATALUNYA;2020-04-23;2020-04-29;--;;;0.0000;53;0.0000;530;7.5397;0;0;1
CATALUNYA;CATALUNYA;2020-04-22;2020-04-28;--;;;0.0000;56;0.0000;485;9.4624;0;0;4
CATALUNYA;CATALUNYA;2020-04-22;2020-04-28;Si;;;2221.3658;1441;24283.9525;15753;10.5177;0;0;561
CATALUNYA;CATALUNYA;2020-04-22;2020-04-28;No;51.801;0.782155;26.6859;2030;537.6763;40901;5.3054;0;0;374
CATALUNYA;CATALUNYA;2020-04-21;2020-04-27;No;57.1075;0.802395;28.8287;2193;518.9962;39480;6.0238;0;0;397
CATALUNYA;CATALUNYA;2020-04-21;2020-04-27;--;;;0.0000;51;0.0000;384;10.9890;0;0;4
CATALUNYA;CATALUNYA;2020-04-21;2020-04-27;Si;;;2629.8751;1706;25447.8187;16508;11.9479;0;0;607
CATALUNYA;CATALUNYA;2020-04-20;2020-04-26;Si;;;3063.0491;1987;25418.5293;16489;14.2326;0;0;645
CATALUNYA;CATALUNYA;2020-04-20;2020-04-26;No;61.322;0.828995;32.1020;2442;516.7219;39307;6.8386;0;0;435
CATALUNYA;CATALUNYA;2020-04-20;2020-04-26;--;;;0.0000;43;0.0000;350;10.0917;0;0;4
CATALUNYA;CATALUNYA;2020-04-19;2020-04-25;--;;;0.0000;41;0.0000;337;9.4340;0;0;4
CATALUNYA;CATALUNYA;2020-04-19;2020-04-25;Si;;;3227.9944;2094;25551.1022;16575;15.0541;0;0;706
CATALUNYA;CATALUNYA;2020-04-19;2020-04-25;No;64.4565;0.840741;32.9565;2507;501.5780;38155;7.3500;0;0;449
CATALUNYA;CATALUNYA;2020-04-18;2020-04-24;No;68.8248;0.863516;34.2579;2606;489.7468;37255;7.8358;0;0;462
CATALUNYA;CATALUNYA;2020-04-18;2020-04-24;--;;;0.0000;41;0.0000;327;9.4463;0;0;5
CATALUNYA;CATALUNYA;2020-04-18;2020-04-24;Si;;;3622.6298;2350;26639.4327;17281;16.2131;0;0;765
CATALUNYA;CATALUNYA;2020-04-17;2020-04-23;No;71.2617;0.871242;36.2824;2760;470.4619;35788;8.6839;0;0;494
CATALUNYA;CATALUNYA;2020-04-17;2020-04-23;--;;;0.0000;40;0.0000;311;8.1356;0;0;7
CATALUNYA;CATALUNYA;2020-04-17;2020-04-23;Si;;;4780.3298;3101;26281.7943;17049;19.5512;0;0;832
CATALUNYA;CATALUNYA;2020-04-16;2020-04-22;--;;;0.0000;43;0.0000;286;9.8540;0;0;8
CATALUNYA;CATALUNYA;2020-04-16;2020-04-22;Si;;;5327.5782;3456;26505.3183;17194;21.3090;0;0;909
CATALUNYA;CATALUNYA;2020-04-16;2020-04-22;No;76.7929;0.878837;38.4251;2923;453.3197;34484;9.6411;0;0;523
CATALUNYA;CATALUNYA;2020-04-15;2020-04-21;No;79.3809;0.867975;39.5425;3008;428.5399;32599;10.5669;0;0;555
CATALUNYA;CATALUNYA;2020-04-15;2020-04-21;--;;;0.0000;41;0.0000;294;7.8292;0;0;8
CATALUNYA;CATALUNYA;2020-04-15;2020-04-21;Si;;;5854.7864;3798;24885.1549;16143;23.6819;0;0;984
CATALUNYA;CATALUNYA;2020-04-14;2020-04-20;No;82.8608;0.862155;42.3426;3221;412.2128;31357;11.6890;0;0;588
CATALUNYA;CATALUNYA;2020-04-14;2020-04-20;--;;;0.0000;41;0.0000;279;7.4906;0;0;8
CATALUNYA;CATALUNYA;2020-04-14;2020-04-20;Si;;;6047.4795;3923;22085.7098;14327;26.8437;0;0;1024
CATALUNYA;CATALUNYA;2020-04-13;2020-04-19;--;;;0.0000;41;0.0000;263;7.9051;0;0;8
CATALUNYA;CATALUNYA;2020-04-13;2020-04-19;Si;;;5950.3622;3860;19938.3382;12934;28.0389;0;0;1084
CATALUNYA;CATALUNYA;2020-04-13;2020-04-19;No;87.288;0.844676;41.8693;3185;383.8573;29200;12.3162;0;0;596
CATALUNYA;CATALUNYA;2020-04-12;2020-04-18;--;;;0.0000;43;0.0000;259;8.0645;0;0;9
CATALUNYA;CATALUNYA;2020-04-12;2020-04-18;Si;;;5901.0328;3828;18977.9559;12311;29.2963;0;0;1157
CATALUNYA;CATALUNYA;2020-04-12;2020-04-18;No;87.784;0.825021;43.7097;3325;380.2422;28925;12.9327;0;0;623
CATALUNYA;CATALUNYA;2020-04-11;2020-04-17;No;86.7176;0.790107;45.4450;3457;372.4336;28331;13.7660;0;0;673
CATALUNYA;CATALUNYA;2020-04-11;2020-04-17;--;;;0.0000;41;0.0000;294;6.8345;0;0;10
CATALUNYA;CATALUNYA;2020-04-11;2020-04-17;Si;;;5907.1990;3832;17411.7465;11295;31.9746;0;0;1218
CATALUNYA;CATALUNYA;2020-04-10;2020-04-16;--;;;0.0000;36;0.0000;268;7.9051;0;0;8
CATALUNYA;CATALUNYA;2020-04-10;2020-04-16;Si;;;5213.5039;3382;15045.4755;9760;33.2296;0;0;1255
CATALUNYA;CATALUNYA;2020-04-10;2020-04-16;No;88.5256;0.769352;45.5107;3462;347.8510;26461;14.7632;0;0;707
CATALUNYA;CATALUNYA;2020-04-09;2020-04-15;--;;;0.0000;52;0.0000;282;10.9848;0;0;7
CATALUNYA;CATALUNYA;2020-04-09;2020-04-15;Si;;;5057.8079;3281;13876.9847;9002;34.4365;0;0;1303
CATALUNYA;CATALUNYA;2020-04-09;2020-04-15;No;92.8933;0.761136;48.9549;3724;346.6810;26372;15.8770;0;0;781
CATALUNYA;CATALUNYA;2020-04-08;2020-04-14;No;99.1103;0.771601;51.9127;3949;346.9045;26389;16.9716;0;0;834
CATALUNYA;CATALUNYA;2020-04-08;2020-04-14;--;;;0.0000;51;0.0000;274;11.3725;0;0;5
CATALUNYA;CATALUNYA;2020-04-08;2020-04-14;Si;;;4709.4188;3055;12357.0217;8016;35.4031;0;0;1339
CATALUNYA;CATALUNYA;2020-04-07;2020-04-13;Si;;;4450.4393;2887;11385.8486;7386;35.9923;0;0;1395
CATALUNYA;CATALUNYA;2020-04-07;2020-04-13;No;106.128;0.782203;53.7663;4090;348.1270;26482;18.0144;0;0;873
CATALUNYA;CATALUNYA;2020-04-07;2020-04-13;--;;;0.0000;55;0.0000;257;14.2857;0;0;6
CATALUNYA;CATALUNYA;2020-04-06;2020-04-12;--;;;0.0000;63;0.0000;283;14.8289;0;0;7
CATALUNYA;CATALUNYA;2020-04-06;2020-04-12;Si;;;4570.6798;2965;11092.9551;7196;38.1069;0;0;1409
CATALUNYA;CATALUNYA;2020-04-06;2020-04-12;No;119.48;0.790262;61.4697;4676;362.4691;27573;19.5096;0;0;950
CATALUNYA;CATALUNYA;2020-04-05;2020-04-11;No;123.06;0.783626;62.6923;4769;361.1677;27474;20.1981;0;0;999
CATALUNYA;CATALUNYA;2020-04-05;2020-04-11;--;;;0.0000;67;0.0000;293;16.8498;0;0;8
CATALUNYA;CATALUNYA;2020-04-05;2020-04-11;Si;;;4493.6025;2915;10334.5151;6704;39.8271;0;0;1401
CATALUNYA;CATALUNYA;2020-04-04;2020-04-10;Si;;;4222.2907;2739;9315.5541;6043;41.5589;0;0;1387
CATALUNYA;CATALUNYA;2020-04-04;2020-04-10;No;125.827;0.767879;64.3092;4892;361.6541;27511;21.2490;0;0;1047
CATALUNYA;CATALUNYA;2020-04-04;2020-04-10;--;;;0.0000;72;0.0000;266;20.3187;0;0;9
CATALUNYA;CATALUNYA;2020-04-03;2020-04-09;--;;;0.0000;78;0.0000;339;17.9245;0;0;10
CATALUNYA;CATALUNYA;2020-04-03;2020-04-09;Si;;;4057.3454;2632;8871.5893;5755;43.5907;0;0;1394
CATALUNYA;CATALUNYA;2020-04-03;2020-04-09;No;131.168;0.75084;69.5544;5291;375.6281;28574;22.4965;0;0;1106
CATALUNYA;CATALUNYA;2020-04-02;2020-04-08;No;137.002;0.739551;73.0906;5560;369.5678;28113;24.0942;0;0;1155
CATALUNYA;CATALUNYA;2020-04-02;2020-04-08;--;;;0.0000;65;0.0000;337;16.0256;0;0;11
CATALUNYA;CATALUNYA;2020-04-02;2020-04-08;Si;;;3665.7931;2378;7618.3135;4942;46.7634;0;0;1374
CATALUNYA;CATALUNYA;2020-04-01;2020-04-07;No;144.841;0.737981;76.5348;5822;361.4832;27498;25.6632;0;0;1213
CATALUNYA;CATALUNYA;2020-04-01;2020-04-07;--;;;0.0000;73;0.0000;344;18.1818;0;0;11
CATALUNYA;CATALUNYA;2020-04-01;2020-04-07;Si;;;3419.1459;2218;6964.6986;4518;49.0489;0;0;1329
CATALUNYA;CATALUNYA;2020-03-31;2020-04-06;--;;;0.0000;79;0.0000;361;19.6429;0;0;10
CATALUNYA;CATALUNYA;2020-03-31;2020-04-06;Si;;;3229.5359;2095;6474.4874;4200;50.6119;0;0;1252
CATALUNYA;CATALUNYA;2020-03-31;2020-04-06;No;155.41;0.744178;81.9114;6231;357.5000;27195;28.0651;0;0;1323
CATALUNYA;CATALUNYA;2020-03-30;2020-04-05;No;169.011;0.757252;89.7200;6825;365.7293;27821;29.4469;0;0;1420
CATALUNYA;CATALUNYA;2020-03-30;2020-04-05;--;;;0.0000;78;0.0000;326;21.3816;0;0;11
CATALUNYA;CATALUNYA;2020-03-30;2020-04-05;Si;;;3124.7109;2027;6522.2753;4231;49.5420;0;0;1218
CATALUNYA;CATALUNYA;2020-03-29;2020-04-04;No;177.434;0.774156;94.3474;7177;376.1802;28616;30.6329;0;0;1497
CATALUNYA;CATALUNYA;2020-03-29;2020-04-04;--;;;0.0000;80;0.0000;328;21.1726;0;0;10
CATALUNYA;CATALUNYA;2020-03-29;2020-04-04;Si;;;3258.8253;2114;6735.0084;4369;50.3227;0;0;1146
CATALUNYA;CATALUNYA;2020-03-28;2020-04-03;--;;;0.0000;82;0.0000;313;23.1293;0;0;8
CATALUNYA;CATALUNYA;2020-03-28;2020-04-03;Si;;;3257.2837;2113;6707.2606;4351;50.3394;0;0;1063
CATALUNYA;CATALUNYA;2020-03-28;2020-04-03;No;189.202;0.805091;99.5531;7573;383.5024;29173;32.3320;0;0;1564
CATALUNYA;CATALUNYA;2020-03-27;2020-04-02;--;;;0.0000;84;0.0000;246;29.4372;0;0;8
CATALUNYA;CATALUNYA;2020-03-27;2020-04-02;Si;;;2964.3903;1923;5985.8177;3883;51.1641;0;0;967
CATALUNYA;CATALUNYA;2020-03-27;2020-04-02;No;208.007;0.858505;105.1401;7998;374.0637;28455;34.5789;0;0;1612
CATALUNYA;CATALUNYA;2020-03-26;2020-04-01;No;227.108;0.921735;112.1599;8532;368.3979;28024;37.2784;0;0;1628
CATALUNYA;CATALUNYA;2020-03-26;2020-04-01;--;;;0.0000;88;0.0000;211;35.6436;0;0;8
CATALUNYA;CATALUNYA;2020-03-26;2020-04-01;Si;;;2870.3560;1862;5652.8441;3667;51.4679;0;0;867
CATALUNYA;CATALUNYA;2020-03-25;2020-03-31;--;;;0.0000;89;0.0000;172;44.8485;0;0;9
CATALUNYA;CATALUNYA;2020-03-25;2020-03-31;Si;;;2622.1674;1701;5102.5127;3310;52.3826;0;0;769
CATALUNYA;CATALUNYA;2020-03-25;2020-03-31;No;247.041;0.990115;119.7319;9108;364.9011;27758;39.3461;0;0;1638
CATALUNYA;CATALUNYA;2020-03-24;2020-03-30;--;;;0.0000;83;0.0000;171;42.4242;0;0;9
CATALUNYA;CATALUNYA;2020-03-24;2020-03-30;Si;;;2491.1361;1616;4815.7854;3124;52.4399;0;0;679
CATALUNYA;CATALUNYA;2020-03-24;2020-03-30;No;265.168;1.06857;126.9227;9655;358.0653;27238;40.9507;0;0;1564
CATALUNYA;CATALUNYA;2020-03-23;2020-03-29;No;276.994;1.13817;133.4693;10153;341.8959;26008;42.2356;0;0;1455
CATALUNYA;CATALUNYA;2020-03-23;2020-03-29;--;;;0.0000;86;0.0000;175;44.3787;0;0;8
CATALUNYA;CATALUNYA;2020-03-23;2020-03-29;Si;;;2267.6121;1471;4183.7521;2714;54.3478;0;0;581
CATALUNYA;CATALUNYA;2020-03-22;2020-03-28;Si;;;2041.0050;1324;3614.9221;2345;53.8673;0;0;497
CATALUNYA;CATALUNYA;2020-03-22;2020-03-28;No;290.839;1.21715;134.8496;10258;334.4554;25442;42.6557;0;0;1345
CATALUNYA;CATALUNYA;2020-03-22;2020-03-28;--;;;0.0000;88;0.0000;173;46.3855;0;0;7
CATALUNYA;CATALUNYA;2020-03-21;2020-03-27;--;;;0.0000;88;0.0000;183;43.7500;0;0;6
CATALUNYA;CATALUNYA;2020-03-21;2020-03-27;Si;;;1837.5211;1192;3041.4675;1973;54.3203;0;0;425
CATALUNYA;CATALUNYA;2020-03-21;2020-03-27;No;310.672;1.34262;135.4543;10304;324.9247;24717;42.9434;0;0;1205
CATALUNYA;CATALUNYA;2020-03-20;2020-03-26;No;351.272;1.59492;137.1501;10433;316.1959;24053;43.1943;0;0;1056
CATALUNYA;CATALUNYA;2020-03-20;2020-03-26;--;;;0.0000;74;0.0000;169;40.2439;0;0;5
CATALUNYA;CATALUNYA;2020-03-20;2020-03-26;Si;;;1652.5358;1072;2722.3678;1766;52.7241;0;0;346
CATALUNYA;CATALUNYA;2020-03-19;2020-03-25;Si;;;1433.6365;930;2449.5144;1589;51.2354;0;0;290
CATALUNYA;CATALUNYA;2020-03-19;2020-03-25;No;375.718;1.83989;134.2317;10211;305.2060;23217;42.1341;0;0;893
CATALUNYA;CATALUNYA;2020-03-19;2020-03-25;--;;;0.0000;68;0.0000;164;38.5093;0;0;3
CATALUNYA;CATALUNYA;2020-03-18;2020-03-24;--;;;0.0000;61;0.0000;153;36.8421;0;0;1
CATALUNYA;CATALUNYA;2020-03-18;2020-03-24;Si;;;1254.8173;814;2207.4919;1432;48.4127;0;0;251
CATALUNYA;CATALUNYA;2020-03-18;2020-03-24;No;394.653;2.1272;129.7753;9872;289.5494;22026;40.9487;0;0;746
CATALUNYA;CATALUNYA;2020-03-17;2020-03-23;No;413.103;2.50436;121.2305;9222;269.1865;20477;38.9325;0;0;603
CATALUNYA;CATALUNYA;2020-03-17;2020-03-23;--;;;0.0000;53;0.0000;109;43.5185;0;0;1
CATALUNYA;CATALUNYA;2020-03-17;2020-03-23;Si;;;1042.0841;676;1874.5182;1216;46.6893;0;0;219
CATALUNYA;CATALUNYA;2020-03-16;2020-03-22;No;413.428;2.99718;109.8988;8360;252.2416;19188;37.3521;0;0;480
CATALUNYA;CATALUNYA;2020-03-16;2020-03-22;--;;;0.0000;42;0.0000;95;39.3617;0;0;0
CATALUNYA;CATALUNYA;2020-03-16;2020-03-22;Si;;;854.0157;554;1632.4957;1059;45.5166;0;0;182
CATALUNYA;CATALUNYA;2020-03-15;2020-03-21;--;;;0.0000;34;0.0000;89;34.8315;0;0;0
CATALUNYA;CATALUNYA;2020-03-15;2020-03-21;Si;;;789.2708;512;1564.6677;1015;44.6356;0;0;158
CATALUNYA;CATALUNYA;2020-03-15;2020-03-21;No;447.691;3.53973;104.1015;7919;242.3822;18438;35.8649;0;0;395
CATALUNYA;CATALUNYA;2020-03-14;2020-03-20;No;454.375;3.98988;95.9380;7298;228.9209;17414;33.0595;0;0;332
CATALUNYA;CATALUNYA;2020-03-14;2020-03-20;--;;;0.0000;27;0.0000;75;33.3333;0;0;0
CATALUNYA;CATALUNYA;2020-03-14;2020-03-20;Si;;;665.9472;432;1319.5622;856;42.6873;0;0;144
CATALUNYA;CATALUNYA;2020-03-13;2020-03-19;No;400.723;4.2574;83.0946;6321;208.4792;15859;29.5344;0;0;266
CATALUNYA;CATALUNYA;2020-03-13;2020-03-19;--;;;0.0000;29;0.0000;77;33.7662;0;0;0
CATALUNYA;CATALUNYA;2020-03-13;2020-03-19;Si;;;510.2512;331;1119.1613;726;39.4958;0;0;131
CATALUNYA;CATALUNYA;2020-03-12;2020-03-18;--;;;0.0000;23;0.0000;62;32.2581;0;0;0
CATALUNYA;CATALUNYA;2020-03-12;2020-03-18;Si;;;362.2629;235;889.4712;577;36.2832;0;0;108
CATALUNYA;CATALUNYA;2020-03-12;2020-03-18;No;348.202;4.54334;69.9750;5323;177.8889;13532;27.0192;0;0;219
CATALUNYA;CATALUNYA;2020-03-11;2020-03-17;--;;;0.0000;14;0.0000;44;27.2727;0;0;0
CATALUNYA;CATALUNYA;2020-03-11;2020-03-17;Si;;;260.5210;169;684.4458;444;34.2529;0;0;94
CATALUNYA;CATALUNYA;2020-03-11;2020-03-17;No;286.036;4.78109;55.7513;4241;146.4573;11141;25.1503;0;0;161
CATALUNYA;CATALUNYA;2020-03-10;2020-03-16;No;226.03;4.93515;43.7229;3326;117.8521;8965;23.4082;0;0;126
CATALUNYA;CATALUNYA;2020-03-10;2020-03-16;--;;;0.0000;11;0.0000;37;24.3243;0;0;0
CATALUNYA;CATALUNYA;2020-03-10;2020-03-16;Si;;;171.1114;111;548.7898;356;29.1429;0;0;76
CATALUNYA;CATALUNYA;2020-03-09;2020-03-15;--;;;0.0000;8;0.0000;33;21.2121;0;0;0
CATALUNYA;CATALUNYA;2020-03-09;2020-03-15;Si;;;114.0743;74;427.0078;277;26.4706;0;0;58
CATALUNYA;CATALUNYA;2020-03-09;2020-03-15;No;144.801;5.0;28.0399;2133;90.7191;6901;20.9226;0;0;103
CATALUNYA;CATALUNYA;2020-03-08;2020-03-14;--;;;0.0000;5;0.0000;24;16.6667;0;0;0
CATALUNYA;CATALUNYA;2020-03-08;2020-03-14;Si;;;55.4956;36;308.3089;200;16.8367;0;0;43
CATALUNYA;CATALUNYA;2020-03-08;2020-03-14;No;107.792;4.64835;22.3741;1702;71.8549;5466;18.6604;0;0;77
CATALUNYA;CATALUNYA;2020-03-07;2020-03-13;No;;;17.9440;1365;50.7296;3859;18.4538;0;0;50
CATALUNYA;CATALUNYA;2020-03-07;2020-03-13;--;;;0.0000;2;0.0000;15;6.6667;0;0;0
CATALUNYA;CATALUNYA;2020-03-07;2020-03-13;Si;;;43.1632;28;255.8964;166;14.6341;0;0;26
CATALUNYA;CATALUNYA;2020-03-06;2020-03-12;Si;;;23.1231;15;174.1945;113;9.8214;0;0;16
CATALUNYA;CATALUNYA;2020-03-06;2020-03-12;No;;;11.0293;839;26.6071;2024;19.5171;0;0;30
CATALUNYA;CATALUNYA;2020-03-06;2020-03-12;--;;;0.0000;0;0.0000;9;0.0000;0;0;0
CATALUNYA;CATALUNYA;2020-03-05;2020-03-11;--;;;0.0000;0;0.0000;7;0.0000;0;0;0
CATALUNYA;CATALUNYA;2020-03-05;2020-03-11;Si;;;9.2492;6;110.9912;72;4.1667;0;0;11
CATALUNYA;CATALUNYA;2020-03-05;2020-03-11;No;;;6.6649;507;14.4472;1099;16.9444;0;0;17
CATALUNYA;CATALUNYA;2020-03-04;2020-03-10;No;;;4.0751;310;8.5973;654;14.5736;0;0;12
CATALUNYA;CATALUNYA;2020-03-04;2020-03-10;--;;;0.0000;0;0.0000;5;0.0000;0;0;0
CATALUNYA;CATALUNYA;2020-03-04;2020-03-10;Si;;;4.6246;3;67.8279;44;2.2727;0;0;6
CATALUNYA;CATALUNYA;2020-03-03;2020-03-09;Si;;;1.5415;1;32.3724;21;0.0000;0;0;3
CATALUNYA;CATALUNYA;2020-03-03;2020-03-09;No;;;2.0770;158;4.8639;370;7.9670;0;0;9
CATALUNYA;CATALUNYA;2020-03-03;2020-03-09;--;;;0.0000;0;0.0000;2;0.0000;0;0;0
CATALUNYA;CATALUNYA;2020-03-02;2020-03-08;--;;;0.0000;1;0.0000;1;100.0000;0;0;0
CATALUNYA;CATALUNYA;2020-03-02;2020-03-08;Si;;;1.5415;1;20.0400;13;0.0000;0;0;2
CATALUNYA;CATALUNYA;2020-03-02;2020-03-08;No;;;0.9202;70;4.0094;305;5.3333;0;0;5
CATALUNYA;CATALUNYA;2020-03-01;2020-03-07;No;;;0.8150;62;3.6413;277;4.3956;0;0;2
CATALUNYA;CATALUNYA;2020-03-01;2020-03-07;--;;;0.0000;2;0.0000;3;33.3333;0;0;0
CATALUNYA;CATALUNYA;2020-03-01;2020-03-07;Si;;;1.5415;1;12.3323;8;0.0000;0;0;0
CATALUNYA;CATALUNYA;2020-02-29;2020-03-06;No;;;0.6704;51;2.6160;199;5.1282;0;0;0
CATALUNYA;CATALUNYA;2020-02-29;2020-03-06;--;;;0.0000;2;0.0000;3;33.3333;0;0;0
CATALUNYA;CATALUNYA;2020-02-29;2020-03-06;Si;;;0.0000;0;4.6246;3;0.0000;0;0;0
CATALUNYA;CATALUNYA;2020-02-28;2020-03-05;--;;;0.0000;2;0.0000;3;33.3333;0;0;0
CATALUNYA;CATALUNYA;2020-02-28;2020-03-05;Si;;;0.0000;0;3.0830;2;0.0000;0;0;0
CATALUNYA;CATALUNYA;2020-02-28;2020-03-05;No;;;0.4995;38;1.8798;143;5.6738;0;0;0
CATALUNYA;CATALUNYA;2020-02-27;2020-03-04;No;;;0.2629;20;1.3934;106;2.8302;0;0;0
CATALUNYA;CATALUNYA;2020-02-27;2020-03-04;--;;;0.0000;2;0.0000;3;33.3333;0;0;0
CATALUNYA;CATALUNYA;2020-02-27;2020-03-04;Si;;;0.0000;0;3.0830;2;0.0000;0;0;0
CATALUNYA;CATALUNYA;2020-02-26;2020-03-03;No;;;0.1708;13;1.0385;79;2.5316;0;0;0
CATALUNYA;CATALUNYA;2020-02-26;2020-03-03;--;;;0.0000;2;0.0000;3;33.3333;0;0;0
CATALUNYA;CATALUNYA;2020-02-26;2020-03-03;Si;;;0.0000;0;0.0000;0;0.0000;0;0;0
CATALUNYA;CATALUNYA;2020-02-25;2020-03-02;--;;;0.0000;2;0.0000;3;33.3333;0;0;0
CATALUNYA;CATALUNYA;2020-02-25;2020-03-02;Si;;;0.0000;0;0.0000;0;0.0000;0;0;0
CATALUNYA;CATALUNYA;2020-02-25;2020-03-02;No;;;0.0657;5;0.7098;54;3.7037;0;0;0
CATALUNYA;CATALUNYA;2020-02-24;2020-03-01;--;;;0.0000;1;0.0000;2;0.0000;0;0;0
CATALUNYA;CATALUNYA;2020-02-24;2020-03-01;Si;;;0.0000;0;0.0000;0;0.0000;0;0;0
CATALUNYA;CATALUNYA;2020-02-24;2020-03-01;No;;;0.0131;1;0.2629;20;0.0000;0;0;0
